statement ok
create table t1 (row_id int, uid int, created_at timestamp);

statement ok
insert into t1 values
    (1, 1, '2022-01-01 10:00:00'),
    (2, 3, '2022-01-01 10:05:00'),
    (3, 2, '2022-01-01 10:14:00'),
    (4, 1, '2022-01-01 10:22:00'),
    (5, 3, '2022-01-01 10:33:00'),
    (6, 2, '2022-01-01 10:42:00'),
    (7, 1, '2022-01-01 10:51:00'),
    (8, 3, '2022-01-01 11:02:00');

statement ok
create materialized view mv_tumble as
select * from tumble(t1, created_at, interval '30' minute);

statement ok
create materialized view mv_hop as
select * from hop(t1, created_at, interval '15' minute, interval '30' minute);

statement ok
flush;

query IITTT
select * from mv_tumble order by row_id, window_start;
----
1 1 2022-01-01 10:00:00 2022-01-01 10:00:00 2022-01-01 10:30:00
2 3 2022-01-01 10:05:00 2022-01-01 10:00:00 2022-01-01 10:30:00
3 2 2022-01-01 10:14:00 2022-01-01 10:00:00 2022-01-01 10:30:00
4 1 2022-01-01 10:22:00 2022-01-01 10:00:00 2022-01-01 10:30:00
5 3 2022-01-01 10:33:00 2022-01-01 10:30:00 2022-01-01 11:00:00
6 2 2022-01-01 10:42:00 2022-01-01 10:30:00 2022-01-01 11:00:00
7 1 2022-01-01 10:51:00 2022-01-01 10:30:00 2022-01-01 11:00:00
8 3 2022-01-01 11:02:00 2022-01-01 11:00:00 2022-01-01 11:30:00

query IITTT
select * from mv_hop order by row_id, window_start;
----
1 1 2022-01-01 10:00:00 2022-01-01 09:45:00 2022-01-01 10:15:00
1 1 2022-01-01 10:00:00 2022-01-01 10:00:00 2022-01-01 10:30:00
2 3 2022-01-01 10:05:00 2022-01-01 09:45:00 2022-01-01 10:15:00
2 3 2022-01-01 10:05:00 2022-01-01 10:00:00 2022-01-01 10:30:00
3 2 2022-01-01 10:14:00 2022-01-01 09:45:00 2022-01-01 10:15:00
3 2 2022-01-01 10:14:00 2022-01-01 10:00:00 2022-01-01 10:30:00
4 1 2022-01-01 10:22:00 2022-01-01 10:00:00 2022-01-01 10:30:00
4 1 2022-01-01 10:22:00 2022-01-01 10:15:00 2022-01-01 10:45:00
5 3 2022-01-01 10:33:00 2022-01-01 10:15:00 2022-01-01 10:45:00
5 3 2022-01-01 10:33:00 2022-01-01 10:30:00 2022-01-01 11:00:00
6 2 2022-01-01 10:42:00 2022-01-01 10:15:00 2022-01-01 10:45:00
6 2 2022-01-01 10:42:00 2022-01-01 10:30:00 2022-01-01 11:00:00
7 1 2022-01-01 10:51:00 2022-01-01 10:30:00 2022-01-01 11:00:00
7 1 2022-01-01 10:51:00 2022-01-01 10:45:00 2022-01-01 11:15:00
8 3 2022-01-01 11:02:00 2022-01-01 10:45:00 2022-01-01 11:15:00
8 3 2022-01-01 11:02:00 2022-01-01 11:00:00 2022-01-01 11:30:00

statement ok
drop materialized view mv_tumble;

statement ok
drop materialized view mv_hop;

statement ok
drop table t1;
